,dt,temp,feels_like,pressure,humidity,dew_point,uvi,clouds,visibility,wind_speed,wind_deg,wind_gust,weather,date
0,1349182800,52.93,51.35,1022,73,44.53,0,31,10000,11.5,180,18.39,"[{'id': 802, 'main': 'Clouds', 'description': 'scattered clouds', 'icon': '03n'}]",2012-10-02 06:00:00-07:00
1,1349186400,53.04,51.71,1022,78,46.38,0,29,10000,10.36,180,12.64,"[{'id': 802, 'main': 'Clouds', 'description': 'scattered clouds', 'icon': '03n'}]",2012-10-02 07:00:00-07:00
2,1349190000,54.52,52.63,1022,63,42.21,0,30,10000,11.5,180,19.55,"[{'id': 802, 'main': 'Clouds', 'description': 'scattered clouds', 'icon': '03d'}]",2012-10-02 08:00:00-07:00
3,1349193600,55.63,53.44,1022,54,39.27,0,29,10000,6.89,180,10.36,"[{'id': 802, 'main': 'Clouds', 'description': 'scattered clouds', 'icon': '03d'}]",2012-10-02 09:00:00-07:00
4,1349197200,57.25,55.26,1022,55,41.25,0,43,10000,4.61,180,8.05,"[{'id': 802, 'main': 'Clouds', 'description': 'scattered clouds', 'icon': '03d'}]",2012-10-02 10:00:00-07:00
5,1349200800,57.07,55.49,1022,64,45.03,0,58,10000,1.74,22,,"[{'id': 803, 'main': 'Clouds', 'description': 'broken clouds', 'icon': '04d'}]",2012-10-02 11:00:00-07:00
6,1349204400,57.83,56.23,1022,62,44.91,0,59,10000,1.88,354,,"[{'id': 803, 'main': 'Clouds', 'description': 'broken clouds', 'icon': '04d'}]",2012-10-02 12:00:00-07:00
7,1349208000,57.99,56.35,1021,61,44.64,0,76,10000,2.53,340,,"[{'id': 803, 'main': 'Clouds', 'description': 'broken clouds', 'icon': '04d'}]",2012-10-02 13:00:00-07:00
8,1349211600,59.83,57.96,1021,52,42.19,0,88,10000,3.09,351,,"[{'id': 804, 'main': 'Clouds', 'description': 'overcast clouds', 'icon': '04d'}]",2012-10-02 14:00:00-07:00
9,1349215200,59.74,58.05,1021,56,44.04,0,80,10000,5.21,332,,"[{'id': 803, 'main': 'Clouds', 'description': 'broken clouds', 'icon': '04d'}]",2012-10-02 15:00:00-07:00
10,1349218800,59.38,57.6,1021,55,43.23,0,82,10000,7.27,355,,"[{'id': 803, 'main': 'Clouds', 'description': 'broken clouds', 'icon': '04d'}]",2012-10-02 16:00:00-07:00
11,1349222400,58.84,56.82,1022,51,40.77,0,65,10000,8.84,5,,"[{'id': 803, 'main': 'Clouds', 'description': 'broken clouds', 'icon': '04d'}]",2012-10-02 17:00:00-07:00
12,1349226000,58.86,56.64,1022,47,38.7,0,36,10000,8.05,180,16.11,"[{'id': 802, 'main': 'Clouds', 'description': 'scattered clouds', 'icon': '03d'}]",2012-10-02 18:00:00-07:00
13,1349229600,57.33,55.06,1022,49,38.35,0,8,10000,4.61,180,17.25,"[{'id': 800, 'main': 'Clear', 'description': 'clear sky', 'icon': '01n'}]",2012-10-02 19:00:00-07:00
14,1349233200,52.52,50.02,1022,54,36.37,0,32,10000,11.5,180,16.11,"[{'id': 802, 'main': 'Clouds', 'description': 'scattered clouds', 'icon': '03n'}]",2012-10-02 20:00:00-07:00
15,1349236800,52.21,49.77,1023,56,37.0,0,97,10000,3.44,180,17.25,"[{'id': 804, 'main': 'Clouds', 'description': 'overcast clouds', 'icon': '04n'}]",2012-10-02 21:00:00-07:00
16,1349240400,51.8,49.46,1024,59,37.96,0,8,10000,2.3,180,16.11,"[{'id': 800, 'main': 'Clear', 'description': 'clear sky', 'icon': '01n'}]",2012-10-02 22:00:00-07:00
17,1349244000,51.87,49.59,1024,60,38.44,0,3,10000,5.75,180,12.64,"[{'id': 800, 'main': 'Clear', 'description': 'clear sky', 'icon': '01n'}]",2012-10-02 23:00:00-07:00
18,1349247600,51.55,49.46,1025,65,40.19,0,4,10000,6.89,180,10.36,"[{'id': 800, 'main': 'Clear', 'description': 'clear sky', 'icon': '01n'}]",2012-10-03 00:00:00-07:00
19,1349251200,51.3,49.17,1025,65,39.96,0,3,10000,5.75,180,16.11,"[{'id': 800, 'main': 'Clear', 'description': 'clear sky', 'icon': '01n'}]",2012-10-03 01:00:00-07:00
20,1349254800,49.66,48.06,1026,66,38.79,0,1,10000,4.61,180,5.75,"[{'id': 800, 'main': 'Clear', 'description': 'clear sky', 'icon': '01n'}]",2012-10-03 02:00:00-07:00
21,1349258400,47.95,43.0,1026,69,38.28,0,1,10000,11.5,180,21.85,"[{'id': 800, 'main': 'Clear', 'description': 'clear sky', 'icon': '01n'}]",2012-10-03 03:00:00-07:00
22,1349262000,47.32,42.58,1026,61,34.57,0,3,10000,10.36,180,28.74,"[{'id': 800, 'main': 'Clear', 'description': 'clear sky', 'icon': '01n'}]",2012-10-03 04:00:00-07:00
23,1349265600,47.21,43.34,1027,58,33.21,0,1,10000,8.05,180,17.25,"[{'id': 800, 'main': 'Clear', 'description': 'clear sky', 'icon': '01n'}]",2012-10-03 05:00:00-07:00
24,1349269200,46.74,44.65,1027,59,33.19,0,1,10000,4.61,180,10.36,"[{'id': 800, 'main': 'Clear', 'description': 'clear sky', 'icon': '01n'}]",2012-10-03 06:00:00-07:00
25,1349272800,47.26,47.26,1027,61,34.52,0,1,10000,2.3,180,10.36,"[{'id': 800, 'main': 'Clear', 'description': 'clear sky', 'icon': '01n'}]",2012-10-03 07:00:00-07:00
26,1349276400,51.15,48.69,1028,58,36.91,0,1,10000,3.44,180,11.5,"[{'id': 800, 'main': 'Clear', 'description': 'clear sky', 'icon': '01d'}]",2012-10-03 08:00:00-07:00
27,1349280000,54.7,52.18,1028,49,35.94,0,33,10000,4.61,180,6.89,"[{'id': 802, 'main': 'Clouds', 'description': 'scattered clouds', 'icon': '03d'}]",2012-10-03 09:00:00-07:00
28,1349283600,55.92,53.8,1028,55,40.01,0,84,10000,7.36,12,,"[{'id': 803, 'main': 'Clouds', 'description': 'broken clouds', 'icon': '04d'}]",2012-10-03 10:00:00-07:00
29,1349287200,57.9,55.56,1028,46,37.27,0,68,10000,8.99,8,,"[{'id': 803, 'main': 'Clouds', 'description': 'broken clouds', 'icon': '04d'}]",2012-10-03 11:00:00-07:00
30,1349290800,60.28,58.12,1028,45,38.88,0,0,10000,14.94,180,19.55,"[{'id': 800, 'main': 'Clear', 'description': 'clear sky', 'icon': '01d'}]",2012-10-03 12:00:00-07:00
31,1349294400,61.12,58.77,1027,39,36.01,0,0,10000,9.55,6,,"[{'id': 800, 'main': 'Clear', 'description': 'clear sky', 'icon': '01d'}]",2012-10-03 13:00:00-07:00
32,1349298000,63.64,61.74,1026,43,40.77,0,0,10000,17.25,180,20.69,"[{'id': 800, 'main': 'Clear', 'description': 'clear sky', 'icon': '01d'}]",2012-10-03 14:00:00-07:00
33,1349301600,63.39,61.45,1025,43,40.53,0,0,10000,12.64,180,19.55,"[{'id': 800, 'main': 'Clear', 'description': 'clear sky', 'icon': '01d'}]",2012-10-03 15:00:00-07:00
34,1349305200,62.89,60.66,1025,38,36.93,0,0,10000,12.64,180,19.55,"[{'id': 800, 'main': 'Clear', 'description': 'clear sky', 'icon': '01d'}]",2012-10-03 16:00:00-07:00
35,1349308800,62.37,60.37,1025,44,40.19,0,0,10000,8.05,180,20.69,"[{'id': 800, 'main': 'Clear', 'description': 'clear sky', 'icon': '01d'}]",2012-10-03 17:00:00-07:00
36,1349312400,61.18,58.87,1024,40,36.7,0,0,10000,14.94,180,20.69,"[{'id': 800, 'main': 'Clear', 'description': 'clear sky', 'icon': '01d'}]",2012-10-03 18:00:00-07:00
37,1349316000,58.84,56.5,1025,44,37.0,0,0,10000,2.3,180,19.55,"[{'id': 800, 'main': 'Clear', 'description': 'clear sky', 'icon': '01n'}]",2012-10-03 19:00:00-07:00
38,1349319600,53.37,50.52,1025,45,32.59,0,0,10000,8.05,180,20.69,"[{'id': 800, 'main': 'Clear', 'description': 'clear sky', 'icon': '01n'}]",2012-10-03 20:00:00-07:00
39,1349323200,52.41,49.46,1024,45,31.75,0,0,10000,3.44,180,10.36,"[{'id': 800, 'main': 'Clear', 'description': 'clear sky', 'icon': '01n'}]",2012-10-03 21:00:00-07:00
40,1349326800,52.12,49.1,1025,44,31.03,0,0,10000,5.75,180,5.75,"[{'id': 800, 'main': 'Clear', 'description': 'clear sky', 'icon': '01n'}]",2012-10-03 22:00:00-07:00
41,1349330400,51.22,48.11,1025,44,30.31,0,0,10000,10.36,180,18.39,"[{'id': 800, 'main': 'Clear', 'description': 'clear sky', 'icon': '01n'}]",2012-10-03 23:00:00-07:00
42,1349334000,51.08,47.86,1025,42,29.19,0,0,10000,3.44,180,8.05,"[{'id': 800, 'main': 'Clear', 'description': 'clear sky', 'icon': '01n'}]",2012-10-04 00:00:00-07:00
43,1349337600,51.15,47.98,1025,43,29.75,0,0,10000,4.61,180,8.05,"[{'id': 800, 'main': 'Clear', 'description': 'clear sky', 'icon': '01n'}]",2012-10-04 01:00:00-07:00
44,1349341200,50.77,47.66,1024,45,30.43,0,1,10000,6.89,180,10.36,"[{'id': 800, 'main': 'Clear', 'description': 'clear sky', 'icon': '01n'}]",2012-10-04 02:00:00-07:00
45,1349344800,47.88,40.91,1024,55,32.5,0,0,10000,19.55,180,20.69,"[{'id': 800, 'main': 'Clear', 'description': 'clear sky', 'icon': '01n'}]",2012-10-04 03:00:00-07:00
46,1349348400,47.66,45.01,1024,56,32.76,0,1,10000,5.75,180,5.75,"[{'id': 800, 'main': 'Clear', 'description': 'clear sky', 'icon': '01n'}]",2012-10-04 04:00:00-07:00
47,1349352000,46.4,46.4,1024,68,36.43,0,0,10000,1.14,0,1.14,"[{'id': 800, 'main': 'Clear', 'description': 'clear sky', 'icon': '01n'}]",2012-10-04 05:00:00-07:00
48,1349355600,46.8,39.99,1024,52,30.34,0,1,10000,17.25,180,17.25,"[{'id': 800, 'main': 'Clear', 'description': 'clear sky', 'icon': '01n'}]",2012-10-04 06:00:00-07:00
49,1349359200,46.81,45.66,1024,55,31.59,0,2,10000,3.44,180,8.05,"[{'id': 800, 'main': 'Clear', 'description': 'clear sky', 'icon': '01n'}]",2012-10-04 07:00:00-07:00
50,1349362800,50.94,48.42,1025,57,36.27,0,2,10000,3.44,180,6.89,"[{'id': 800, 'main': 'Clear', 'description': 'clear sky', 'icon': '01d'}]",2012-10-04 08:00:00-07:00
51,1349366400,53.78,52.11,1025,69,43.86,0,2,10000,5.99,36,,"[{'id': 800, 'main': 'Clear', 'description': 'clear sky', 'icon': '01d'}]",2012-10-04 09:00:00-07:00
52,1349370000,55.17,53.26,1025,61,41.97,0,0,10000,6.55,20,,"[{'id': 800, 'main': 'Clear', 'description': 'clear sky', 'icon': '01d'}]",2012-10-04 10:00:00-07:00
53,1349373600,57.13,55.08,1025,54,40.66,0,0,10000,7.78,13,,"[{'id': 800, 'main': 'Clear', 'description': 'clear sky', 'icon': '01d'}]",2012-10-04 11:00:00-07:00
54,1349377200,59.41,57.4,1024,50,40.78,0,0,10000,8.28,9,,"[{'id': 800, 'main': 'Clear', 'description': 'clear sky', 'icon': '01d'}]",2012-10-04 12:00:00-07:00
55,1349380800,60.78,58.77,1024,47,40.46,0,0,10000,8.63,4,,"[{'id': 800, 'main': 'Clear', 'description': 'clear sky', 'icon': '01d'}]",2012-10-04 13:00:00-07:00
56,1349384400,64.2,62.58,1024,48,44.13,0,0,10000,4.61,180,20.69,"[{'id': 800, 'main': 'Clear', 'description': 'clear sky', 'icon': '01d'}]",2012-10-04 14:00:00-07:00
57,1349388000,63.79,61.99,1024,45,42.06,0,0,10000,8.05,180,19.55,"[{'id': 800, 'main': 'Clear', 'description': 'clear sky', 'icon': '01d'}]",2012-10-04 15:00:00-07:00
58,1349391600,63.5,61.61,1023,44,41.23,0,0,10000,26.44,225,26.44,"[{'id': 800, 'main': 'Clear', 'description': 'clear sky', 'icon': '01d'}]",2012-10-04 16:00:00-07:00
59,1349395200,63.01,61.27,1023,48,43.03,0,83,10000,3.44,225,18.39,"[{'id': 803, 'main': 'Clouds', 'description': 'broken clouds', 'icon': '04d'}]",2012-10-04 17:00:00-07:00
60,1349398800,62.38,60.24,1023,41,38.41,0,97,10000,13.8,225,18.39,"[{'id': 804, 'main': 'Clouds', 'description': 'overcast clouds', 'icon': '04d'}]",2012-10-04 18:00:00-07:00
61,1349402400,59.43,57.15,1023,44,37.54,0,97,10000,9.19,225,13.8,"[{'id': 804, 'main': 'Clouds', 'description': 'overcast clouds', 'icon': '04n'}]",2012-10-04 19:00:00-07:00
62,1349406000,53.49,51.55,1023,64,41.63,0,65,10000,5.86,25,,"[{'id': 803, 'main': 'Clouds', 'description': 'broken clouds', 'icon': '04n'}]",2012-10-04 20:00:00-07:00
63,1349409600,52.45,50.74,1023,71,43.34,0,12,10000,5.12,28,,"[{'id': 801, 'main': 'Clouds', 'description': 'few clouds', 'icon': '02n'}]",2012-10-04 21:00:00-07:00
64,1349413200,51.66,50.0,1024,74,43.65,0,6,10000,4.88,31,,"[{'id': 800, 'main': 'Clear', 'description': 'clear sky', 'icon': '01n'}]",2012-10-04 22:00:00-07:00
65,1349416800,51.01,49.33,1024,75,43.38,0,4,10000,4.79,36,,"[{'id': 800, 'main': 'Clear', 'description': 'clear sky', 'icon': '01n'}]",2012-10-04 23:00:00-07:00
66,1349420400,51.03,49.41,1024,76,43.74,0,2,10000,4.85,46,,"[{'id': 800, 'main': 'Clear', 'description': 'clear sky', 'icon': '01n'}]",2012-10-05 00:00:00-07:00
67,1349424000,51.21,48.24,1024,47,31.73,0,0,10000,3.44,225,13.8,"[{'id': 800, 'main': 'Clear', 'description': 'clear sky', 'icon': '01n'}]",2012-10-05 01:00:00-07:00
68,1349427600,50.61,47.68,1024,49,32.18,0,0,10000,14.94,225,18.39,"[{'id': 800, 'main': 'Clear', 'description': 'clear sky', 'icon': '01n'}]",2012-10-05 02:00:00-07:00
69,1349431200,46.81,44.26,1025,92,44.62,0,0,10000,5.35,58,,"[{'id': 800, 'main': 'Clear', 'description': 'clear sky', 'icon': '01n'}]",2012-10-05 03:00:00-07:00
70,1349434800,46.89,44.51,1024,90,44.11,0,0,10000,5.08,61,,"[{'id': 800, 'main': 'Clear', 'description': 'clear sky', 'icon': '01n'}]",2012-10-05 04:00:00-07:00
71,1349438400,46.17,43.74,1024,90,43.39,0,0,10000,4.97,65,,"[{'id': 800, 'main': 'Clear', 'description': 'clear sky', 'icon': '01n'}]",2012-10-05 05:00:00-07:00
72,1349442000,45.66,42.84,1024,89,42.62,0,0,10000,5.44,60,,"[{'id': 800, 'main': 'Clear', 'description': 'clear sky', 'icon': '01n'}]",2012-10-05 06:00:00-07:00
73,1349445600,44.91,41.94,1024,89,41.86,0,0,10000,5.46,60,,"[{'id': 800, 'main': 'Clear', 'description': 'clear sky', 'icon': '01n'}]",2012-10-05 07:00:00-07:00
74,1349449200,47.98,45.37,1025,74,40.1,0,0,10000,5.82,56,,"[{'id': 800, 'main': 'Clear', 'description': 'clear sky', 'icon': '01d'}]",2012-10-05 08:00:00-07:00
75,1349452800,53.35,51.39,1025,64,41.5,0,0,10000,5.84,45,,"[{'id': 800, 'main': 'Clear', 'description': 'clear sky', 'icon': '01d'}]",2012-10-05 09:00:00-07:00
76,1349456400,56.43,54.27,1025,53,39.52,0,0,10000,5.88,29,,"[{'id': 800, 'main': 'Clear', 'description': 'clear sky', 'icon': '01d'}]",2012-10-05 10:00:00-07:00
77,1349460000,59.5,57.31,1025,46,38.73,0,0,10000,6.38,24,,"[{'id': 800, 'main': 'Clear', 'description': 'clear sky', 'icon': '01d'}]",2012-10-05 11:00:00-07:00
78,1349463600,61.81,59.58,1024,40,37.26,0,0,10000,6.8,26,,"[{'id': 800, 'main': 'Clear', 'description': 'clear sky', 'icon': '01d'}]",2012-10-05 12:00:00-07:00
79,1349467200,63.84,61.61,1024,36,36.41,0,0,10000,7.11,28,,"[{'id': 800, 'main': 'Clear', 'description': 'clear sky', 'icon': '01d'}]",2012-10-05 13:00:00-07:00
80,1349470800,67.06,64.74,1023,27,32.02,0,0,10000,7.38,23,,"[{'id': 800, 'main': 'Clear', 'description': 'clear sky', 'icon': '01d'}]",2012-10-05 14:00:00-07:00
81,1349474400,68.43,66.61,1023,35,39.74,0,0,10000,14.94,225,18.39,"[{'id': 800, 'main': 'Clear', 'description': 'clear sky', 'icon': '01d'}]",2012-10-05 15:00:00-07:00
82,1349478000,67.23,65.34,1022,36,39.4,0,0,10000,18.39,225,21.85,"[{'id': 800, 'main': 'Clear', 'description': 'clear sky', 'icon': '01d'}]",2012-10-05 16:00:00-07:00
83,1349481600,66.02,64.11,1022,38,39.72,0,0,10000,6.89,225,18.39,"[{'id': 800, 'main': 'Clear', 'description': 'clear sky', 'icon': '01d'}]",2012-10-05 17:00:00-07:00
84,1349485200,64.8,62.76,1022,38,38.62,0,0,10000,11.5,225,20.69,"[{'id': 800, 'main': 'Clear', 'description': 'clear sky', 'icon': '01d'}]",2012-10-05 18:00:00-07:00
85,1349488800,61.86,59.49,1022,37,35.35,0,0,10000,9.19,225,20.69,"[{'id': 800, 'main': 'Clear', 'description': 'clear sky', 'icon': '01n'}]",2012-10-05 19:00:00-07:00
86,1349492400,55.53,53.55,1022,59,41.45,0,0,10000,5.82,29,,"[{'id': 800, 'main': 'Clear', 'description': 'clear sky', 'icon': '01n'}]",2012-10-05 20:00:00-07:00
87,1349496000,54.55,52.63,1023,62,41.81,0,0,10000,5.82,39,,"[{'id': 800, 'main': 'Clear', 'description': 'clear sky', 'icon': '01n'}]",2012-10-05 21:00:00-07:00
88,1349499600,52.93,51.12,1023,68,42.67,0,0,10000,5.57,46,,"[{'id': 800, 'main': 'Clear', 'description': 'clear sky', 'icon': '01n'}]",2012-10-05 22:00:00-07:00
89,1349503200,52.03,50.32,1023,72,43.3,0,0,10000,5.28,48,,"[{'id': 800, 'main': 'Clear', 'description': 'clear sky', 'icon': '01n'}]",2012-10-05 23:00:00-07:00
90,1349506800,51.17,49.51,1023,75,43.54,0,0,10000,5.28,56,,"[{'id': 800, 'main': 'Clear', 'description': 'clear sky', 'icon': '01n'}]",2012-10-06 00:00:00-07:00
91,1349510400,51.06,49.35,1023,74,43.07,0,0,10000,5.3,64,,"[{'id': 800, 'main': 'Clear', 'description': 'clear sky', 'icon': '01n'}]",2012-10-06 01:00:00-07:00
92,1349514000,49.89,47.89,1023,73,41.59,0,0,10000,5.32,69,,"[{'id': 800, 'main': 'Clear', 'description': 'clear sky', 'icon': '01n'}]",2012-10-06 02:00:00-07:00
93,1349517600,46.49,44.1,1023,84,41.92,0,0,10000,5.01,64,,"[{'id': 800, 'main': 'Clear', 'description': 'clear sky', 'icon': '01n'}]",2012-10-06 03:00:00-07:00
94,1349521200,46.15,43.39,1023,82,40.96,0,0,10000,5.46,70,,"[{'id': 800, 'main': 'Clear', 'description': 'clear sky', 'icon': '01n'}]",2012-10-06 04:00:00-07:00
95,1349524800,44.8,41.68,1023,83,39.96,0,0,10000,5.66,75,,"[{'id': 800, 'main': 'Clear', 'description': 'clear sky', 'icon': '01n'}]",2012-10-06 05:00:00-07:00
96,1349528400,44.73,41.68,1023,81,39.27,0,0,10000,5.53,74,,"[{'id': 800, 'main': 'Clear', 'description': 'clear sky', 'icon': '01n'}]",2012-10-06 06:00:00-07:00
97,1349532000,44.74,41.85,1023,77,37.99,0,0,10000,5.3,77,,"[{'id': 800, 'main': 'Clear', 'description': 'clear sky', 'icon': '01n'}]",2012-10-06 07:00:00-07:00
98,1349535600,46.78,44.17,1023,65,35.65,0,0,10000,5.44,77,,"[{'id': 800, 'main': 'Clear', 'description': 'clear sky', 'icon': '01d'}]",2012-10-06 08:00:00-07:00
99,1349539200,51.84,49.44,1023,58,37.54,0,0,10000,4.41,68,,"[{'id': 800, 'main': 'Clear', 'description': 'clear sky', 'icon': '01d'}]",2012-10-06 09:00:00-07:00
200,1349542800,56.35,54.14,1023,52,38.97,0,0,10000,4.05,42,,"[{'id': 800, 'main': 'Clear', 'description': 'clear sky', 'icon': '01d'}]",2012-10-06 10:00:00-07:00
201,1349546400,59.58,57.4,1023,46,38.8,0,0,10000,5.23,20,,"[{'id': 800, 'main': 'Clear', 'description': 'clear sky', 'icon': '01d'}]",2012-10-06 11:00:00-07:00
202,1349550000,62.19,60.03,1023,41,38.23,0,0,10000,6.22,19,,"[{'id': 800, 'main': 'Clear', 'description': 'clear sky', 'icon': '01d'}]",2012-10-06 12:00:00-07:00
203,1349553600,63.86,61.77,1022,39,38.46,0,0,10000,6.33,22,,"[{'id': 800, 'main': 'Clear', 'description': 'clear sky', 'icon': '01d'}]",2012-10-06 13:00:00-07:00
204,1349557200,68.0,65.91,1021,30,35.46,0,0,10000,6.44,18,,"[{'id': 800, 'main': 'Clear', 'description': 'clear sky', 'icon': '01d'}]",2012-10-06 14:00:00-07:00
205,1349560800,69.8,67.84,1020,29,36.16,0,0,10000,13.8,225,14.94,"[{'id': 800, 'main': 'Clear', 'description': 'clear sky', 'icon': '01d'}]",2012-10-06 15:00:00-07:00
206,1349564400,68.72,66.7,1020,30,36.07,0,0,10000,7.31,353,,"[{'id': 800, 'main': 'Clear', 'description': 'clear sky', 'icon': '01d'}]",2012-10-06 16:00:00-07:00
207,1349568000,68.43,66.0,1019,22,28.6,0,0,10000,17.25,225,18.39,"[{'id': 800, 'main': 'Clear', 'description': 'clear sky', 'icon': '01d'}]",2012-10-06 17:00:00-07:00
208,1349571600,67.46,65.17,1019,27,32.36,0,0,10000,12.64,225,14.94,"[{'id': 800, 'main': 'Clear', 'description': 'clear sky', 'icon': '01d'}]",2012-10-06 18:00:00-07:00
209,1349575200,64.54,61.83,1019,24,27.57,0,0,10000,21.85,225,21.85,"[{'id': 800, 'main': 'Clear', 'description': 'clear sky', 'icon': '01n'}]",2012-10-06 19:00:00-07:00
210,1349578800,55.96,54.21,1019,63,43.56,0,0,10000,5.93,33,,"[{'id': 800, 'main': 'Clear', 'description': 'clear sky', 'icon': '01n'}]",2012-10-06 20:00:00-07:00
211,1349582400,54.95,53.2,1019,65,43.43,0,0,10000,4.63,41,,"[{'id': 800, 'main': 'Clear', 'description': 'clear sky', 'icon': '01n'}]",2012-10-06 21:00:00-07:00
212,1349586000,53.56,51.82,1019,68,43.29,0,0,10000,4.7,54,,"[{'id': 800, 'main': 'Clear', 'description': 'clear sky', 'icon': '01n'}]",2012-10-06 22:00:00-07:00
213,1349589600,53.15,51.55,1019,72,44.37,0,0,10000,4.81,63,,"[{'id': 800, 'main': 'Clear', 'description': 'clear sky', 'icon': '01n'}]",2012-10-06 23:00:00-07:00
214,1349593200,52.12,50.65,1019,77,45.14,0,0,10000,4.99,72,,"[{'id': 800, 'main': 'Clear', 'description': 'clear sky', 'icon': '01n'}]",2012-10-07 00:00:00-07:00
215,1349596800,51.51,49.89,1019,75,43.86,0,0,10000,5.12,79,,"[{'id': 800, 'main': 'Clear', 'description': 'clear sky', 'icon': '01n'}]",2012-10-07 01:00:00-07:00
216,1349600400,49.19,47.17,1019,77,42.3,0,0,10000,5.14,88,,"[{'id': 800, 'main': 'Clear', 'description': 'clear sky', 'icon': '01n'}]",2012-10-07 02:00:00-07:00
217,1349604000,46.96,44.47,1019,82,41.76,0,0,10000,5.26,93,,"[{'id': 800, 'main': 'Clear', 'description': 'clear sky', 'icon': '01n'}]",2012-10-07 03:00:00-07:00
218,1349607600,45.7,43.18,1018,82,40.53,0,0,10000,4.99,95,,"[{'id': 800, 'main': 'Clear', 'description': 'clear sky', 'icon': '01n'}]",2012-10-07 04:00:00-07:00
219,1349611200,44.92,42.37,1018,83,40.08,0,0,10000,4.83,94,,"[{'id': 800, 'main': 'Clear', 'description': 'clear sky', 'icon': '01n'}]",2012-10-07 05:00:00-07:00
220,1349614800,44.69,42.13,1018,82,39.54,0,0,10000,4.79,89,,"[{'id': 800, 'main': 'Clear', 'description': 'clear sky', 'icon': '01n'}]",2012-10-07 06:00:00-07:00
221,1349618400,44.87,42.46,1018,82,39.72,0,0,10000,4.63,94,,"[{'id': 800, 'main': 'Clear', 'description': 'clear sky', 'icon': '01n'}]",2012-10-07 07:00:00-07:00
222,1349622000,47.86,45.86,1018,68,37.83,0,0,10000,4.74,101,,"[{'id': 800, 'main': 'Clear', 'description': 'clear sky', 'icon': '01d'}]",2012-10-07 08:00:00-07:00
223,1349625600,52.57,50.54,1018,64,40.77,0,0,10000,3.62,98,,"[{'id': 800, 'main': 'Clear', 'description': 'clear sky', 'icon': '01d'}]",2012-10-07 09:00:00-07:00
224,1349629200,55.67,53.53,1018,55,39.78,0,0,10000,1.77,69,,"[{'id': 800, 'main': 'Clear', 'description': 'clear sky', 'icon': '01d'}]",2012-10-07 10:00:00-07:00
225,1349632800,58.96,57.09,1018,54,42.37,0,0,10000,2.01,5,,"[{'id': 800, 'main': 'Clear', 'description': 'clear sky', 'icon': '01d'}]",2012-10-07 11:00:00-07:00
226,1349636400,60.96,59.2,1017,52,43.23,0,0,10000,3.38,351,,"[{'id': 800, 'main': 'Clear', 'description': 'clear sky', 'icon': '01d'}]",2012-10-07 12:00:00-07:00
227,1349640000,62.28,60.75,1016,54,45.45,0,0,10000,3.74,345,,"[{'id': 800, 'main': 'Clear', 'description': 'clear sky', 'icon': '01d'}]",2012-10-07 13:00:00-07:00
228,1349643600,66.58,65.05,1015,45,44.6,0,0,10000,4.12,341,,"[{'id': 800, 'main': 'Clear', 'description': 'clear sky', 'icon': '01d'}]",2012-10-07 14:00:00-07:00
229,1349647200,67.84,66.43,1014,45,45.75,0,0,10000,4.14,341,,"[{'id': 800, 'main': 'Clear', 'description': 'clear sky', 'icon': '01d'}]",2012-10-07 15:00:00-07:00
230,1349650800,68.36,66.96,1014,44,45.63,0,0,10000,4.81,354,,"[{'id': 800, 'main': 'Clear', 'description': 'clear sky', 'icon': '01d'}]",2012-10-07 16:00:00-07:00
231,1349654400,68.04,66.7,1014,46,46.51,0,0,10000,3.83,4,,"[{'id': 800, 'main': 'Clear', 'description': 'clear sky', 'icon': '01d'}]",2012-10-07 17:00:00-07:00
232,1349658000,67.21,65.84,1013,47,46.33,0,0,10000,3.4,17,,"[{'id': 800, 'main': 'Clear', 'description': 'clear sky', 'icon': '01d'}]",2012-10-07 18:00:00-07:00
233,1349661600,63.7,62.58,1013,60,49.57,0,1,10000,4.27,24,,"[{'id': 800, 'main': 'Clear', 'description': 'clear sky', 'icon': '01n'}]",2012-10-07 19:00:00-07:00
234,1349665200,56.57,55.17,1013,69,46.53,0,13,10000,3.69,32,,"[{'id': 801, 'main': 'Clouds', 'description': 'few clouds', 'icon': '02n'}]",2012-10-07 20:00:00-07:00
235,1349668800,55.29,54.05,1013,75,47.52,0,34,10000,3.11,42,,"[{'id': 802, 'main': 'Clouds', 'description': 'scattered clouds', 'icon': '03n'}]",2012-10-07 21:00:00-07:00
236,1349672400,54.63,53.4,1013,77,47.57,0,65,10000,2.91,63,,"[{'id': 803, 'main': 'Clouds', 'description': 'broken clouds', 'icon': '04n'}]",2012-10-07 22:00:00-07:00
237,1349676000,53.29,51.89,1013,76,45.93,0,27,10000,2.08,112,,"[{'id': 802, 'main': 'Clouds', 'description': 'scattered clouds', 'icon': '03n'}]",2012-10-07 23:00:00-07:00
238,1349679600,51.82,50.47,1013,80,45.86,0,0,10000,2.57,127,,"[{'id': 800, 'main': 'Clear', 'description': 'clear sky', 'icon': '01n'}]",2012-10-08 00:00:00-07:00
239,1349683200,51.22,50.09,1013,86,47.19,0,0,10000,2.82,125,,"[{'id': 800, 'main': 'Clear', 'description': 'clear sky', 'icon': '01n'}]",2012-10-08 01:00:00-07:00
240,1349686800,51.26,50.32,1013,90,48.43,0,45,10000,2.42,123,,"[{'id': 802, 'main': 'Clouds', 'description': 'scattered clouds', 'icon': '03n'}]",2012-10-08 02:00:00-07:00
241,1349690400,48.06,46.96,1013,92,45.84,0,48,10000,3.58,128,,"[{'id': 802, 'main': 'Clouds', 'description': 'scattered clouds', 'icon': '03n'}]",2012-10-08 03:00:00-07:00
242,1349694000,47.53,46.6,1013,92,45.34,0,48,10000,3.31,127,,"[{'id': 802, 'main': 'Clouds', 'description': 'scattered clouds', 'icon': '03n'}]",2012-10-08 04:00:00-07:00
243,1349697600,46.9,46.18,1013,92,44.71,0,47,10000,3.0,130,,"[{'id': 802, 'main': 'Clouds', 'description': 'scattered clouds', 'icon': '03n'}]",2012-10-08 05:00:00-07:00
244,1349701200,46.96,45.63,1013,91,44.47,0,70,10000,3.67,152,,"[{'id': 803, 'main': 'Clouds', 'description': 'broken clouds', 'icon': '04n'}]",2012-10-08 06:00:00-07:00
245,1349704800,46.69,45.09,1013,88,43.32,0,66,10000,3.94,160,,"[{'id': 803, 'main': 'Clouds', 'description': 'broken clouds', 'icon': '04n'}]",2012-10-08 07:00:00-07:00
246,1349708400,49.77,49.28,1014,80,43.86,0,28,10000,3.15,139,,"[{'id': 802, 'main': 'Clouds', 'description': 'scattered clouds', 'icon': '03d'}]",2012-10-08 08:00:00-07:00
247,1349712000,53.82,52.0,1014,66,42.75,0,58,10000,3.96,151,,"[{'id': 803, 'main': 'Clouds', 'description': 'broken clouds', 'icon': '04d'}]",2012-10-08 09:00:00-07:00
248,1349715600,56.43,54.5,1014,58,41.85,0,64,10000,2.91,181,,"[{'id': 803, 'main': 'Clouds', 'description': 'broken clouds', 'icon': '04d'}]",2012-10-08 10:00:00-07:00
249,1349719200,59.52,57.96,1014,59,45.19,0,71,10000,2.98,211,,"[{'id': 803, 'main': 'Clouds', 'description': 'broken clouds', 'icon': '04d'}]",2012-10-08 11:00:00-07:00
250,1349722800,62.17,60.85,1014,59,47.68,0,80,10000,3.11,228,,"[{'id': 803, 'main': 'Clouds', 'description': 'broken clouds', 'icon': '04d'}]",2012-10-08 12:00:00-07:00
251,1349726400,63.5,62.28,1014,58,48.47,0,52,10000,3.13,240,,"[{'id': 803, 'main': 'Clouds', 'description': 'broken clouds', 'icon': '04d'}]",2012-10-08 13:00:00-07:00
252,1349730000,67.66,66.43,1013,49,47.84,0,17,10000,3.38,248,,"[{'id': 801, 'main': 'Clouds', 'description': 'few clouds', 'icon': '02d'}]",2012-10-08 14:00:00-07:00
253,1349733600,68.07,67.03,1013,52,49.8,0,17,10000,2.48,269,,"[{'id': 801, 'main': 'Clouds', 'description': 'few clouds', 'icon': '02d'}]",2012-10-08 15:00:00-07:00
254,1349737200,68.07,67.03,1013,52,49.8,0,48,10000,2.84,267,,"[{'id': 802, 'main': 'Clouds', 'description': 'scattered clouds', 'icon': '03d'}]",2012-10-08 16:00:00-07:00
255,1349740800,67.26,66.18,1013,53,49.57,0,26,10000,2.64,261,,"[{'id': 802, 'main': 'Clouds', 'description': 'scattered clouds', 'icon': '03d'}]",2012-10-08 17:00:00-07:00
256,1349744400,66.2,65.19,1013,57,50.54,0,11,10000,1.66,242,,"[{'id': 801, 'main': 'Clouds', 'description': 'few clouds', 'icon': '02d'}]",2012-10-08 18:00:00-07:00
257,1349748000,64.63,62.67,1014,40,39.79,0,63,10000,8.05,225,8.05,"[{'id': 803, 'main': 'Clouds', 'description': 'broken clouds', 'icon': '04n'}]",2012-10-08 19:00:00-07:00
258,1349751600,57.56,56.5,1014,74,49.35,0,72,10000,3.49,184,,"[{'id': 803, 'main': 'Clouds', 'description': 'broken clouds', 'icon': '04n'}]",2012-10-08 20:00:00-07:00
259,1349755200,57.07,54.97,1015,53,40.14,0,40,10000,4.61,225,8.05,"[{'id': 802, 'main': 'Clouds', 'description': 'scattered clouds', 'icon': '03n'}]",2012-10-08 21:00:00-07:00
260,1349758800,54.86,52.77,1015,58,40.39,0,60,10000,11.5,225,11.5,"[{'id': 803, 'main': 'Clouds', 'description': 'broken clouds', 'icon': '04n'}]",2012-10-08 22:00:00-07:00
261,1349762400,52.38,50.41,1016,66,41.38,0,32,10000,5.75,225,11.5,"[{'id': 802, 'main': 'Clouds', 'description': 'scattered clouds', 'icon': '03n'}]",2012-10-08 23:00:00-07:00
262,1349766000,51.93,50.11,1017,70,42.46,0,9,10000,18.39,225,26.44,"[{'id': 800, 'main': 'Clear', 'description': 'clear sky', 'icon': '01n'}]",2012-10-09 00:00:00-07:00
263,1349769600,51.75,50.2,1017,76,44.44,0,10,10000,17.25,225,20.69,"[{'id': 800, 'main': 'Clear', 'description': 'clear sky', 'icon': '01n'}]",2012-10-09 01:00:00-07:00
264,1349773200,50.5,48.87,1017,77,43.57,0,16,10000,16.11,225,24.14,"[{'id': 801, 'main': 'Clouds', 'description': 'few clouds', 'icon': '02n'}]",2012-10-09 02:00:00-07:00
265,1349776800,49.5,44.29,1018,77,42.6,0,58,10000,13.8,225,13.8,"[{'id': 803, 'main': 'Clouds', 'description': 'broken clouds', 'icon': '04n'}]",2012-10-09 03:00:00-07:00
266,1349780400,49.6,46.26,1019,78,43.03,0,49,10000,8.05,225,26.44,"[{'id': 802, 'main': 'Clouds', 'description': 'scattered clouds', 'icon': '03n'}]",2012-10-09 04:00:00-07:00
267,1349784000,49.53,47.25,1019,76,42.3,0,42,10000,5.75,225,12.64,"[{'id': 802, 'main': 'Clouds', 'description': 'scattered clouds', 'icon': '03n'}]",2012-10-09 05:00:00-07:00
268,1349787600,49.3,45.05,1019,76,42.06,0,40,10000,10.36,225,17.25,"[{'id': 802, 'main': 'Clouds', 'description': 'scattered clouds', 'icon': '03n'}]",2012-10-09 06:00:00-07:00
269,1349791200,49.46,45.25,1019,78,42.89,0,48,10000,10.36,225,13.8,"[{'id': 802, 'main': 'Clouds', 'description': 'scattered clouds', 'icon': '03n'}]",2012-10-09 07:00:00-07:00
270,1349794800,50.92,49.37,1019,78,44.31,0,37,10000,3.44,225,13.8,"[{'id': 802, 'main': 'Clouds', 'description': 'scattered clouds', 'icon': '03d'}]",2012-10-09 08:00:00-07:00
271,1349798400,51.82,50.32,1020,77,44.85,0,23,10000,8.05,225,11.5,"[{'id': 801, 'main': 'Clouds', 'description': 'few clouds', 'icon': '02d'}]",2012-10-09 09:00:00-07:00
272,1349802000,52.68,51.22,1020,76,45.34,0,16,10000,9.19,225,14.94,"[{'id': 801, 'main': 'Clouds', 'description': 'few clouds', 'icon': '02d'}]",2012-10-09 10:00:00-07:00
273,1349805600,53.44,51.87,1020,72,44.65,0,8,10000,8.05,225,8.05,"[{'id': 800, 'main': 'Clear', 'description': 'clear sky', 'icon': '01d'}]",2012-10-09 11:00:00-07:00
274,1349809200,54.36,52.74,1019,69,44.42,0,6,10000,2.3,225,9.19,"[{'id': 800, 'main': 'Clear', 'description': 'clear sky', 'icon': '01d'}]",2012-10-09 12:00:00-07:00
275,1349812800,56.05,54.41,1019,65,44.46,0,1,10000,2.3,225,4.61,"[{'id': 800, 'main': 'Clear', 'description': 'clear sky', 'icon': '01d'}]",2012-10-09 13:00:00-07:00
276,1349816400,59.05,57.52,1018,61,45.64,0,1,10000,2.21,300,,"[{'id': 800, 'main': 'Clear', 'description': 'clear sky', 'icon': '01d'}]",2012-10-09 14:00:00-07:00
277,1349820000,59.52,58.28,1018,66,48.16,0,0,10000,2.04,325,,"[{'id': 800, 'main': 'Clear', 'description': 'clear sky', 'icon': '01d'}]",2012-10-09 15:00:00-07:00
278,1349823600,60.22,59.05,1018,66,48.83,0,0,10000,2.44,332,,"[{'id': 800, 'main': 'Clear', 'description': 'clear sky', 'icon': '01d'}]",2012-10-09 16:00:00-07:00
279,1349827200,60.31,59.11,1017,65,48.52,0,0,10000,2.08,340,,"[{'id': 800, 'main': 'Clear', 'description': 'clear sky', 'icon': '01d'}]",2012-10-09 17:00:00-07:00
280,1349830800,60.75,59.25,1017,58,45.9,0,0,10000,2.3,225,4.61,"[{'id': 800, 'main': 'Clear', 'description': 'clear sky', 'icon': '01d'}]",2012-10-09 18:00:00-07:00
281,1349834400,58.24,56.82,1017,65,46.54,0,0,10000,3.44,225,6.89,"[{'id': 800, 'main': 'Clear', 'description': 'clear sky', 'icon': '01n'}]",2012-10-09 19:00:00-07:00
282,1349838000,53.4,52.39,1017,84,48.7,0,0,10000,3.06,31,,"[{'id': 800, 'main': 'Clear', 'description': 'clear sky', 'icon': '01n'}]",2012-10-09 20:00:00-07:00
283,1349841600,52.47,51.37,1016,84,47.79,0,0,10000,2.64,55,,"[{'id': 800, 'main': 'Clear', 'description': 'clear sky', 'icon': '01n'}]",2012-10-09 21:00:00-07:00
284,1349845200,50.79,49.71,1017,88,47.37,0,0,10000,1.92,58,,"[{'id': 800, 'main': 'Clear', 'description': 'clear sky', 'icon': '01n'}]",2012-10-09 22:00:00-07:00
285,1349848800,50.85,49.71,1016,87,47.12,0,0,10000,1.48,43,,"[{'id': 800, 'main': 'Clear', 'description': 'clear sky', 'icon': '01n'}]",2012-10-09 23:00:00-07:00
286,1349852400,50.74,49.55,1017,86,46.71,0,0,10000,1.16,25,,"[{'id': 800, 'main': 'Clear', 'description': 'clear sky', 'icon': '01n'}]",2012-10-10 00:00:00-07:00
287,1349856000,52.27,50.63,1017,73,43.88,0,0,10000,5.75,225,8.05,"[{'id': 800, 'main': 'Clear', 'description': 'clear sky', 'icon': '01n'}]",2012-10-10 01:00:00-07:00
288,1349859600,51.24,49.55,1016,74,43.25,0,0,10000,6.89,225,8.05,"[{'id': 800, 'main': 'Clear', 'description': 'clear sky', 'icon': '01n'}]",2012-10-10 02:00:00-07:00
289,1349863200,50.13,48.42,1017,76,42.87,0,50,10000,1.14,225,2.3,"[{'id': 802, 'main': 'Clouds', 'description': 'scattered clouds', 'icon': '03n'}]",2012-10-10 03:00:00-07:00
290,1349866800,49.6,48.85,1016,77,42.71,0,54,10000,3.44,225,4.61,"[{'id': 803, 'main': 'Clouds', 'description': 'broken clouds', 'icon': '04n'}]",2012-10-10 04:00:00-07:00
291,1349870400,49.12,45.66,1016,79,42.89,0,63,10000,8.05,225,8.05,"[{'id': 803, 'main': 'Clouds', 'description': 'broken clouds', 'icon': '04n'}]",2012-10-10 05:00:00-07:00
292,1349874000,48.88,48.88,1016,81,43.32,0,67,10000,1.14,225,1.14,"[{'id': 803, 'main': 'Clouds', 'description': 'broken clouds', 'icon': '04n'}]",2012-10-10 06:00:00-07:00
293,1349877600,48.9,48.04,1016,83,43.97,0,68,10000,3.44,225,5.75,"[{'id': 803, 'main': 'Clouds', 'description': 'broken clouds', 'icon': '04n'}]",2012-10-10 07:00:00-07:00
294,1349881200,50.14,48.7,1016,82,44.87,0,67,10000,5.75,225,8.05,"[{'id': 803, 'main': 'Clouds', 'description': 'broken clouds', 'icon': '04d'}]",2012-10-10 08:00:00-07:00
295,1349884800,50.45,49.05,1017,82,45.18,0,70,10000,2.3,225,4.61,"[{'id': 803, 'main': 'Clouds', 'description': 'broken clouds', 'icon': '04d'}]",2012-10-10 09:00:00-07:00
296,1349888400,50.0,50.0,1017,91,47.48,0,70,10000,2.3,221,,"[{'id': 803, 'main': 'Clouds', 'description': 'broken clouds', 'icon': '04d'}]",2012-10-10 10:00:00-07:00
297,1349892000,50.85,49.82,1016,89,47.73,0,68,10000,2.46,237,,"[{'id': 803, 'main': 'Clouds', 'description': 'broken clouds', 'icon': '04d'}]",2012-10-10 11:00:00-07:00
298,1349895600,52.72,51.03,1016,71,43.59,0,62,10000,2.3,225,3.44,"[{'id': 803, 'main': 'Clouds', 'description': 'broken clouds', 'icon': '04d'}]",2012-10-10 12:00:00-07:00
299,1349899200,55.08,53.62,1016,71,45.86,0,39,10000,1.14,225,2.3,"[{'id': 802, 'main': 'Clouds', 'description': 'scattered clouds', 'icon': '03d'}]",2012-10-10 13:00:00-07:00
300,1349902800,56.71,55.38,1015,70,47.05,0,1,10000,2.33,288,,"[{'id': 800, 'main': 'Clear', 'description': 'clear sky', 'icon': '01d'}]",2012-10-10 14:00:00-07:00
301,1349906400,56.32,54.93,1015,70,46.67,0,100,10000,2.3,225,3.44,"[{'id': 804, 'main': 'Clouds', 'description': 'overcast clouds', 'icon': '04d'}]",2012-10-10 15:00:00-07:00
302,1349910000,56.53,55.22,1015,71,47.26,0,100,10000,3.44,225,6.89,"[{'id': 804, 'main': 'Clouds', 'description': 'overcast clouds', 'icon': '04d'}]",2012-10-10 16:00:00-07:00
303,1349913600,56.53,55.22,1015,71,47.26,0,99,10000,3.44,225,8.05,"[{'id': 804, 'main': 'Clouds', 'description': 'overcast clouds', 'icon': '04d'}]",2012-10-10 17:00:00-07:00
304,1349917200,56.98,55.96,1014,76,49.51,0,61,10000,3.11,348,,"[{'id': 803, 'main': 'Clouds', 'description': 'broken clouds', 'icon': '04d'}]",2012-10-10 18:00:00-07:00
305,1349920800,55.4,54.12,1014,74,47.26,0,38,10000,1.14,225,5.75,"[{'id': 802, 'main': 'Clouds', 'description': 'scattered clouds', 'icon': '03n'}]",2012-10-10 19:00:00-07:00
306,1349924400,53.31,51.78,1015,73,44.89,0,26,10000,1.14,225,3.44,"[{'id': 802, 'main': 'Clouds', 'description': 'scattered clouds', 'icon': '03n'}]",2012-10-10 20:00:00-07:00
307,1349928000,52.68,51.08,1015,73,44.29,0,17,10000,4.61,225,4.61,"[{'id': 801, 'main': 'Clouds', 'description': 'few clouds', 'icon': '02n'}]",2012-10-10 21:00:00-07:00
308,1349931600,52.38,50.79,1015,74,44.35,0,14,10000,3.44,225,4.61,"[{'id': 801, 'main': 'Clouds', 'description': 'few clouds', 'icon': '02n'}]",2012-10-10 22:00:00-07:00
309,1349935200,52.14,50.58,1015,75,44.47,0,8,10000,1.14,225,4.61,"[{'id': 800, 'main': 'Clear', 'description': 'clear sky', 'icon': '01n'}]",2012-10-10 23:00:00-07:00
310,1349938800,52.75,51.3,1015,76,45.41,0,3,10000,2.3,225,5.75,"[{'id': 800, 'main': 'Clear', 'description': 'clear sky', 'icon': '01n'}]",2012-10-11 00:00:00-07:00
311,1349942400,52.74,51.33,1015,77,45.73,0,26,10000,3.0,39,,"[{'id': 802, 'main': 'Clouds', 'description': 'scattered clouds', 'icon': '03n'}]",2012-10-11 01:00:00-07:00
312,1349946000,51.87,50.38,1015,77,44.91,0,39,10000,1.14,225,3.44,"[{'id': 802, 'main': 'Clouds', 'description': 'scattered clouds', 'icon': '03n'}]",2012-10-11 02:00:00-07:00
313,1349949600,49.8,49.05,1015,78,43.23,0,100,10000,3.47,59,,"[{'id': 804, 'main': 'Clouds', 'description': 'overcast clouds', 'icon': '04n'}]",2012-10-11 03:00:00-07:00
314,1349953200,49.69,49.69,1015,78,43.12,0,100,10000,1.14,225,3.44,"[{'id': 804, 'main': 'Clouds', 'description': 'overcast clouds', 'icon': '04n'}]",2012-10-11 04:00:00-07:00
315,1349956800,49.21,49.21,1015,79,42.98,0,86,10000,1.14,225,5.75,"[{'id': 804, 'main': 'Clouds', 'description': 'overcast clouds', 'icon': '04n'}]",2012-10-11 05:00:00-07:00
316,1349960400,49.05,49.05,1014,80,43.16,0,80,10000,1.14,225,3.44,"[{'id': 803, 'main': 'Clouds', 'description': 'broken clouds', 'icon': '04n'}]",2012-10-11 06:00:00-07:00
317,1349964000,48.69,48.69,1014,79,42.48,0,75,10000,2.3,225,6.89,"[{'id': 803, 'main': 'Clouds', 'description': 'broken clouds', 'icon': '04n'}]",2012-10-11 07:00:00-07:00
318,1349967600,49.24,49.24,1015,79,43.02,0,83,10000,2.3,225,2.3,"[{'id': 803, 'main': 'Clouds', 'description': 'broken clouds', 'icon': '04d'}]",2012-10-11 08:00:00-07:00
319,1349971200,49.98,49.98,1015,79,43.74,0,22,10000,2.1,53,,"[{'id': 801, 'main': 'Clouds', 'description': 'few clouds', 'icon': '02d'}]",2012-10-11 09:00:00-07:00
